,% of Annual Energy Cost,Annual ROI after incentives,Cost,Description,Estimated Annual Savings,Life Cycle Savings after Incentive,Payback (Years),Payback after NYSERDA incentive (Years),Potential NYSERDA incentive,SIR after incentive,Total Annual Gallons of Oil Reduced,Total Annual Therms Reduced,Total Annual kWh Reduction,Total kW Reduction,address,Input.borough,Input.address,Answer.bbl,Answer.x,Answer.y
0,8.83%,220.10%,$425 ,Optimize Temperature Setpoint Schedule,$935 ,"$8,230 ",,0.5,-,20.4,348,-,-,-,"Energy Assessment For: New St. John Baptist Church, 2409 Lorillard Place, Bronx NY, 10458",Bronx,"Energy Assessment For: New St. John Baptist Church, 2409 Lorillard Place, Bronx NY, 10458",2030560051,1014899,251410
1,2.82%,199.30%,$150 ,Insulate Steam Piping,$299 ,"$2,616 ",,0.5,-,18.4,111,-,-,-,"Energy Assessment For: New St. John Baptist Church, 2409 Lorillard Place, Bronx NY, 10458",Bronx,"Energy Assessment For: New St. John Baptist Church, 2409 Lorillard Place, Bronx NY, 10458",2030560051,1014899,251410
2,<1%,105.60%,$100 ,Reduce Building Envelope Infiltration Losses,$106 ,$641 ,,0.9,-,7.4,39,-,-,-,"Energy Assessment For: New St. John Baptist Church, 2409 Lorillard Place, Bronx NY, 10458",Bronx,"Energy Assessment For: New St. John Baptist Church, 2409 Lorillard Place, Bronx NY, 10458",2030560051,1014899,251410
3,8.46%,7.30%,"$12,320 ",Replace Windows,$896 ,"$1,004 ",,13.8,-,1.1,333,-,-,-,"Energy Assessment For: New St. John Baptist Church, 2409 Lorillard Place, Bronx NY, 10458",Bronx,"Energy Assessment For: New St. John Baptist Church, 2409 Lorillard Place, Bronx NY, 10458",2030560051,1014899,251410
4,<1%,9.20%,$990 ,Replace Cooling Equipment,$91 ,$99 ,,10.9,-,1.1,-,-,365,0.9,"Energy Assessment For: New St. John Baptist Church, 2409 Lorillard Place, Bronx NY, 10458",Bronx,"Energy Assessment For: New St. John Baptist Church, 2409 Lorillard Place, Bronx NY, 10458",2030560051,1014899,251410
5,4.14%,36.80%,"$3,978 ",Upgrade the Lighting to LED Lighting,$439 ,"$4,047 ",,2.7,"$2,785 ",4.4,-32,-,"2,104",1.3,"Energy Assessment For: New St. John Baptist Church, 2409 Lorillard Place, Bronx NY, 10458",Bronx,"Energy Assessment For: New St. John Baptist Church, 2409 Lorillard Place, Bronx NY, 10458",2030560051,1014899,251410
6,7.27%,59.30%,"$5,078 ",Upgrade the Lighting to LED Lighting,$903 ,"$9,257 ",,1.7,"$3,555 ",7.1,,-88,"4,358",1.1,"Energy Assessment For: Northwest Bronx Community & Clergy Coalition, 103 E. 196th St., Bronx, NY 10468",Bronx,"Energy Assessment For: Northwest Bronx Community & Clergy Coalition, 103 E. 196th St., Bronx, NY 10468",2033150001,1013571,255649
7,<1%,34.60%,$190 ,Implement Lighting Controls,$66 ,$272 ,,2.9,-,2.4,,-,387,-,"Energy Assessment For: Northwest Bronx Community & Clergy Coalition, 103 E. 196th St., Bronx, NY 10468",Bronx,"Energy Assessment For: Northwest Bronx Community & Clergy Coalition, 103 E. 196th St., Bronx, NY 10468",2033150001,1013571,255649
8,9.86%,58.40%,"$2,095 ",Optimize Temperature Setpoint Schedule and HW Distribution System,"$1,224 ","$9,234 ",,1.7,-,5.4,,"1,145",127,-,"Energy Assessment For: Northwest Bronx Community & Clergy Coalition, 103 E. 196th St., Bronx, NY 10468",Bronx,"Energy Assessment For: Northwest Bronx Community & Clergy Coalition, 103 E. 196th St., Bronx, NY 10468",2033150001,1013571,255649
9,4.00%,150.40%,$330 ,Reduce Building Envelope Infiltration Losses,$496 ,"$3,154 ",,0.7,-,10.6,,401,441,-,"Energy Assessment For: Northwest Bronx Community & Clergy Coalition, 103 E. 196th St., Bronx, NY 10468",Bronx,"Energy Assessment For: Northwest Bronx Community & Clergy Coalition, 103 E. 196th St., Bronx, NY 10468",2033150001,1013571,255649
10,6.58%,62.80%,"$1,300 ",Insulate Hot Water Piping,$817 ,"$6,256 ",,1.6,-,5.8,,778,-,-,"Energy Assessment For: Northwest Bronx Community & Clergy Coalition, 103 E. 196th St., Bronx, NY 10468",Bronx,"Energy Assessment For: Northwest Bronx Community & Clergy Coalition, 103 E. 196th St., Bronx, NY 10468",2033150001,1013571,255649
11,4.60%,-,No Cost.,Shop Around for New Energy Supplier(s),$571 ,"$1,615 ",,Immediate,-,-,,-,-,-,"Energy Assessment For: Northwest Bronx Community & Clergy Coalition, 103 E. 196th St., Bronx, NY 10468",Bronx,"Energy Assessment For: Northwest Bronx Community & Clergy Coalition, 103 E. 196th St., Bronx, NY 10468",2033150001,1013571,255649
12,13.51%,6.70%,"$29,250 ",Install Photovoltaic Solar Cells,"$1,678 ","$4,349 ",,14.8,"$4,388 ",1.2,,-,"9,868",-,"Energy Assessment For: Northwest Bronx Community & Clergy Coalition, 103 E. 196th St., Bronx, NY 10468",Bronx,"Energy Assessment For: Northwest Bronx Community & Clergy Coalition, 103 E. 196th St., Bronx, NY 10468",2033150001,1013571,255649
13,3.03%,15.00%,"$2,446 ",Upgrade the Lighting to LED Lighting,$110 ,$584 ,,6.6,"$1,712 ",1.8,-8,-,522,0.9,"Energy Assessment For: Damascus Christian Church - 833 Manida Street, 833 Manida Street, Bronx, NY 10474",Bronx,"Energy Assessment For: Damascus Christian Church - 833 Manida Street, 833 Manida Street, Bronx, NY 10474",2027400092,1014727,237111
14,5.66%,20.80%,$990 ,Insulate Steam Piping,$206 ,$917 ,,4.8,-,1.9,69,-,-,-,"Energy Assessment For: Damascus Christian Church - 833 Manida Street, 833 Manida Street, Bronx, NY 10474",Bronx,"Energy Assessment For: Damascus Christian Church - 833 Manida Street, 833 Manida Street, Bronx, NY 10474",2027400092,1014727,237111
15,3.45%,279.30%,$45 ,Reduce Building Envelope Infiltration Losses,$126 ,$837 ,,0.4,-,19.6,42,-,-,-,"Energy Assessment For: Damascus Christian Church - 833 Manida Street, 833 Manida Street, Bronx, NY 10474",Bronx,"Energy Assessment For: Damascus Christian Church - 833 Manida Street, 833 Manida Street, Bronx, NY 10474",2027400092,1014727,237111
16,3.34%,110.60%,$110 ,"Seal, Insulate, and Close Off Skylights",$122 ,"$2,275 ",,0.9,-,21.7,41,-,-,-,"Energy Assessment For: Damascus Christian Church - 833 Manida Street, 833 Manida Street, Bronx, NY 10474",Bronx,"Energy Assessment For: Damascus Christian Church - 833 Manida Street, 833 Manida Street, Bronx, NY 10474",2027400092,1014727,237111
17,27.55%,7.10%,"$14,100 ",Replace Boiler and Convert to Using Natural Gas,"$1,003 ",$829 ,,14.1,-,1.1,727,-943,-,-,"Energy Assessment For: Damascus Christian Church - 833 Manida Street, 833 Manida Street, Bronx, NY 10474",Bronx,"Energy Assessment For: Damascus Christian Church - 833 Manida Street, 833 Manida Street, Bronx, NY 10474",2027400092,1014727,237111
18,3.57%,15.30%,$850 ,Replace Old Refrigerators with ENERGY STAR Units,$130 ,$445 ,,6.5,-,1.5,-,-,501,-,"Energy Assessment For: Damascus Christian Church - 833 Manida Street, 833 Manida Street, Bronx, NY 10474",Bronx,"Energy Assessment For: Damascus Christian Church - 833 Manida Street, 833 Manida Street, Bronx, NY 10474",2027400092,1014727,237111
19,14.09%,8.90%,"$6,750 ",Install Photovoltaic Solar Cells,$513 ,"$3,200 ",,11.2,"$1,013 ",1.6,-,-,"1,974",-,"Energy Assessment For: Damascus Christian Church - 833 Manida Street, 833 Manida Street, Bronx, NY 10474",Bronx,"Energy Assessment For: Damascus Christian Church - 833 Manida Street, 833 Manida Street, Bronx, NY 10474",2027400092,1014727,237111
20,23.63%,271.80%,$425 ,Optimize Temperature Setpoint Schedule,"$1,155 ","$10,265 ",,0.4,-,25.2,,"1,005",-,-,"Energy Assessment For: Damascus Christian Church - 837 Manida Street, 837 Manida Street, Bronx, NY 10474",Bronx,"Energy Assessment For: Damascus Christian Church - 837 Manida Street, 837 Manida Street, Bronx, NY 10474",2027400092,1014727,237111
21,2.35%,22.60%,"$1,693 ",Upgrade the Lighting to LED Lighting,$115 ,$864 ,,4.4,"$1,185 ",2.7,,-11,440,0.4,"Energy Assessment For: Damascus Christian Church - 837 Manida Street, 837 Manida Street, Bronx, NY 10474",Bronx,"Energy Assessment For: Damascus Christian Church - 837 Manida Street, 837 Manida Street, Bronx, NY 10474",2027400092,1014727,237111
22,4.76%,52.90%,$440 ,Insulate Steam Piping,$233 ,"$1,715 ",,1.9,-,4.9,,203,-,-,"Energy Assessment For: Damascus Christian Church - 837 Manida Street, 837 Manida Street, Bronx, NY 10474",Bronx,"Energy Assessment For: Damascus Christian Church - 837 Manida Street, 837 Manida Street, Bronx, NY 10474",2027400092,1014727,237111
23,<1%,89.40%,$45 ,Reduce Building Envelope Infiltration Losses,$40 ,$238 ,,1.1,-,6.3,,35,-,-,"Energy Assessment For: Damascus Christian Church - 837 Manida Street, 837 Manida Street, Bronx, NY 10474",Bronx,"Energy Assessment For: Damascus Christian Church - 837 Manida Street, 837 Manida Street, Bronx, NY 10474",2027400092,1014727,237111
24,<1%,80.10%,$55 ,"Seal, Insulate, and Cover Skylight",$44 ,$808 ,,1.2,-,15.7,,38,-,-,"Energy Assessment For: Damascus Christian Church - 837 Manida Street, 837 Manida Street, Bronx, NY 10474",Bronx,"Energy Assessment For: Damascus Christian Church - 837 Manida Street, 837 Manida Street, Bronx, NY 10474",2027400092,1014727,237111
25,1.51%,8.40%,$875 ,Convert Boiler to Electronic Ignition,$74 ,$7 ,,11.8,-,1,,64,-,-,"Energy Assessment For: Damascus Christian Church - 837 Manida Street, 837 Manida Street, Bronx, NY 10474",Bronx,"Energy Assessment For: Damascus Christian Church - 837 Manida Street, 837 Manida Street, Bronx, NY 10474",2027400092,1014727,237111
26,1.35%,-,No Cost.,Shop Around for New Energy Supplier(s),$66 ,$186 ,,Immediate,-,-,,-,-,-,"Energy Assessment For: Damascus Christian Church - 837 Manida Street, 837 Manida Street, Bronx, NY 10474",Bronx,"Energy Assessment For: Damascus Christian Church - 837 Manida Street, 837 Manida Street, Bronx, NY 10474",2027400092,1014727,237111
27,11.71%,10.00%,"$6,750 ",Install Photovoltaic Solar Cells,$572 ,"$4,231 ",,10,"$1,013 ",1.7,,-,"1,974",-,"Energy Assessment For: Damascus Christian Church - 837 Manida Street, 837 Manida Street, Bronx, NY 10474",Bronx,"Energy Assessment For: Damascus Christian Church - 837 Manida Street, 837 Manida Street, Bronx, NY 10474",2027400092,1014727,237111
28,10.85%,16.30%,"$16,523 ",Upgrade the Lighting to LED Lighting,"$2,688 ","$15,564 ",,6.1,-,1.9,-189,-,"13,982",7,"Energy Assessment For: Love Gospel Assembly Sanctuary, 2323 Grand Concourse, Bronx, NY 10458",Bronx,"Energy Assessment For: Love Gospel Assembly Sanctuary, 2323 Grand Concourse, Bronx, NY 10458",2031640009,1012032,251921
29,10.84%,12.80%,"$20,999 ",Add Insulation to the Walls and Roof,"$2,683 ","$31,598 ",,7.8,-,2.5,869,-,"1,091",-,"Energy Assessment For: Love Gospel Assembly Sanctuary, 2323 Grand Concourse, Bronx, NY 10458",Bronx,"Energy Assessment For: Love Gospel Assembly Sanctuary, 2323 Grand Concourse, Bronx, NY 10458",2031640009,1012032,251921
30,13.50%,11.10%,"$30,000 ",Replace Windows and Doors,"$3,343 ","$19,735 ",,9,-,1.7,"1,082",-,"1,359",-,"Energy Assessment For: Love Gospel Assembly Sanctuary, 2323 Grand Concourse, Bronx, NY 10458",Bronx,"Energy Assessment For: Love Gospel Assembly Sanctuary, 2323 Grand Concourse, Bronx, NY 10458",2031640009,1012032,251921
31,16.88%,4.90%,"$86,125 ",Replace Boiler with Gas-Fired Rooftop Units,"$4,181 ","($23,925)",,20.6,-,0.7,"3,213","-4,188",-,-,"Energy Assessment For: Love Gospel Assembly Sanctuary, 2323 Grand Concourse, Bronx, NY 10458",Bronx,"Energy Assessment For: Love Gospel Assembly Sanctuary, 2323 Grand Concourse, Bronx, NY 10458",2031640009,1012032,251921
32,2.04%,0.60%,"$86,125 ",Replace Cooling Equipment with New Rooftop Units,$504 ,"($80,103)",,170.7,-,0.1,-,-,"2,193",28.5,"Energy Assessment For: Love Gospel Assembly Sanctuary, 2323 Grand Concourse, Bronx, NY 10458",Bronx,"Energy Assessment For: Love Gospel Assembly Sanctuary, 2323 Grand Concourse, Bronx, NY 10458",2031640009,1012032,251921
33,1.06%,7.50%,"$3,500 ",Replace Domestic Hot Water Heater (DHW),$262 ,($371),,13.4,-,0.9,134,-99,-,-,"Energy Assessment For: Love Gospel Assembly Sanctuary, 2323 Grand Concourse, Bronx, NY 10458",Bronx,"Energy Assessment For: Love Gospel Assembly Sanctuary, 2323 Grand Concourse, Bronx, NY 10458",2031640009,1012032,251921
34,30.55%,9.20%,"$96,250 ",Install Photovoltaic Solar Cells,"$7,566 ","$49,929 ",,10.8,"$14,438 ",1.6,-,-,"32,894",-,"Energy Assessment For: Love Gospel Assembly Sanctuary, 2323 Grand Concourse, Bronx, NY 10458",Bronx,"Energy Assessment For: Love Gospel Assembly Sanctuary, 2323 Grand Concourse, Bronx, NY 10458",2031640009,1012032,251921
35,1.35%,29.60%,"$1,643 ",Upgrade the Lighting to LED Lighting,$487 ,"$4,165 ",,3.4,-,3.5,,-51,"2,399",0.4,"Energy Assessment For: New Covenant Dominion Cathedral, 1175 Boston Rd., Bronx, NY 10456",Bronx,"Energy Assessment For: New Covenant Dominion Cathedral, 1175 Boston Rd., Bronx, NY 10456",2026140043,1010981,241349
36,3.90%,562.40%,$250 ,Reduce Building Envelope Infiltration Losses,"$1,406 ","$9,620 ",,0.2,-,39.5,,"1,062",205,-,"Energy Assessment For: New Covenant Dominion Cathedral, 1175 Boston Rd., Bronx, NY 10456",Bronx,"Energy Assessment For: New Covenant Dominion Cathedral, 1175 Boston Rd., Bronx, NY 10456",2026140043,1010981,241349
37,<1%,32.20%,$950 ,Seal Rooftop Duct Breeches,$306 ,"$3,259 ",,3.1,-,4.4,,211,158,-,"Energy Assessment For: New Covenant Dominion Cathedral, 1175 Boston Rd., Bronx, NY 10456",Bronx,"Energy Assessment For: New Covenant Dominion Cathedral, 1175 Boston Rd., Bronx, NY 10456",2026140043,1010981,241349
38,<1%,9.60%,"$2,250 ",Replace (3) Single-Pane Windows,$216 ,$967 ,,10.4,-,1.4,,163,31,-,"Energy Assessment For: New Covenant Dominion Cathedral, 1175 Boston Rd., Bronx, NY 10456",Bronx,"Energy Assessment For: New Covenant Dominion Cathedral, 1175 Boston Rd., Bronx, NY 10456",2026140043,1010981,241349
39,1.50%,15.40%,"$3,500 ",Replace Old Residential Style Refrigerators with ENERGY STAR Units,$540 ,"$1,872 ",,6.5,-,1.5,,-,"2,346",-,"Energy Assessment For: New Covenant Dominion Cathedral, 1175 Boston Rd., Bronx, NY 10456",Bronx,"Energy Assessment For: New Covenant Dominion Cathedral, 1175 Boston Rd., Bronx, NY 10456",2026140043,1010981,241349
40,<1%,12.30%,"$1,500 ",Repair Commercial Freezer to Prevent Ice Formation,$184 ,$333 ,,8.1,-,1.2,,-,801,-,"Energy Assessment For: New Covenant Dominion Cathedral, 1175 Boston Rd., Bronx, NY 10456",Bronx,"Energy Assessment For: New Covenant Dominion Cathedral, 1175 Boston Rd., Bronx, NY 10456",2026140043,1010981,241349
41,33.60%,10.20%,"$140,000 ",Install Photovoltaic Solar Cells,"$12,105 ","$91,784 ",,9.8,"$21,000 ",1.8,,-,"52,630",-,"Energy Assessment For: New Covenant Dominion Cathedral, 1175 Boston Rd., Bronx, NY 10456",Bronx,"Energy Assessment For: New Covenant Dominion Cathedral, 1175 Boston Rd., Bronx, NY 10456",2026140043,1010981,241349
42,4.95%,189.30%,$850 ,Optimize Temperature Setpoint Schedule,"$1,609 ","$14,039 ",,0.5,-,17.5,,"1,257",-,-,"Energy Assessment For: New Covenant Christian Church - 3501 Eastchester Rd, 3601 Eastchester Rd, Bronx, NY 10469",Bronx,"Energy Assessment For: New Covenant Christian Church - 3501 Eastchester Rd, 3601 Eastchester Rd, Bronx, NY 10469",2047220110,1026380,259454
43,<1%,139.70%,$175 ,Improve HVAC Equipment Maintenance,$244 ,$516 ,,0.7,-,4,,-,"1,063",-,"Energy Assessment For: New Covenant Christian Church - 3501 Eastchester Rd, 3601 Eastchester Rd, Bronx, NY 10469",Bronx,"Energy Assessment For: New Covenant Christian Church - 3501 Eastchester Rd, 3601 Eastchester Rd, Bronx, NY 10469",2047220110,1026380,259454
44,1.37%,277.70%,$160 ,Reduce Building Envelope Infiltration Losses,$444 ,"$2,958 ",,0.4,-,19.5,,301,257,-,"Energy Assessment For: New Covenant Christian Church - 3501 Eastchester Rd, 3601 Eastchester Rd, Bronx, NY 10469",Bronx,"Energy Assessment For: New Covenant Christian Church - 3501 Eastchester Rd, 3601 Eastchester Rd, Bronx, NY 10469",2047220110,1026380,259454
45,2.90%,15.90%,"$5,920 ",Upgrade the Lighting to LED Lighting,$944 ,"$5,346 ",,6.3,-,1.9,,-104,"4,684",1,"Energy Assessment For: New Covenant Christian Church - 3501 Eastchester Rd, 3601 Eastchester Rd, Bronx, NY 10469",Bronx,"Energy Assessment For: New Covenant Christian Church - 3501 Eastchester Rd, 3601 Eastchester Rd, Bronx, NY 10469",2047220110,1026380,259454
46,3.09%,41.10%,"$2,450 ",Replace Old Refrigerators with ENERGY STAR Units,"$1,007 ","$7,570 ",,2.4,-,4.1,,-,"4,377",-,"Energy Assessment For: New Covenant Christian Church - 3501 Eastchester Rd, 3601 Eastchester Rd, Bronx, NY 10469",Bronx,"Energy Assessment For: New Covenant Christian Church - 3501 Eastchester Rd, 3601 Eastchester Rd, Bronx, NY 10469",2047220110,1026380,259454
47,4.32%,6.80%,"$20,640 ",Replace Main Boilers with High- Efficiency Condensing Technology,"$1,407 ",$292 ,,14.7,-,1,,"1,099",-,-,"Energy Assessment For: New Covenant Christian Church - 3501 Eastchester Rd, 3601 Eastchester Rd, Bronx, NY 10469",Bronx,"Energy Assessment For: New Covenant Christian Church - 3501 Eastchester Rd, 3601 Eastchester Rd, Bronx, NY 10469",2047220110,1026380,259454
48,23.25%,9.00%,"$98,750 ",Install Photovoltaic Solar Cells,"$7,566 ","$47,804 ",,11.1,"$14,813 ",1.6,,-,"32,894",-,"Energy Assessment For: New Covenant Christian Church - 3501 Eastchester Rd, 3601 Eastchester Rd, Bronx, NY 10469",Bronx,"Energy Assessment For: New Covenant Christian Church - 3501 Eastchester Rd, 3601 Eastchester Rd, Bronx, NY 10469",2047220110,1026380,259454
49,<1%,15.90%,$678 ,Upgrade the Lighting to LED Lighting,$108 ,$613 ,,6.3,-,1.9,-11,-,604,0.3,"Energy Assessment For: New Covenant Christian Church - 1925 Grand Concourse, 1925 Grand Concourse, Bronx, NY 10456",Bronx,"Energy Assessment For: New Covenant Christian Church - 1925 Grand Concourse, 1925 Grand Concourse, Bronx, NY 10456",2028080021,1010244,249048
50,1.82%,98.30%,$425 ,Optimize Temperature Setpoint Schedule,$418 ,"$3,439 ",,1,-,9.1,149,-,-,-,"Energy Assessment For: New Covenant Christian Church - 1925 Grand Concourse, 1925 Grand Concourse, Bronx, NY 10456",Bronx,"Energy Assessment For: New Covenant Christian Church - 1925 Grand Concourse, 1925 Grand Concourse, Bronx, NY 10456",2028080021,1010244,249048
51,1.26%,483.30%,$60 ,Reduce Building Envelope Infiltration Losses,$290 ,"$1,976 ",,0.2,-,33.9,98,-,67,-,"Energy Assessment For: New Covenant Christian Church - 1925 Grand Concourse, 1925 Grand Concourse, Bronx, NY 10456",Bronx,"Energy Assessment For: New Covenant Christian Church - 1925 Grand Concourse, 1925 Grand Concourse, Bronx, NY 10456",2028080021,1010244,249048
52,<1%,184.90%,$75 ,Seal and Insulate Skylights,$139 ,"$2,644 ",,0.5,-,36.2,47,-,32,-,"Energy Assessment For: New Covenant Christian Church - 1925 Grand Concourse, 1925 Grand Concourse, Bronx, NY 10456",Bronx,"Energy Assessment For: New Covenant Christian Church - 1925 Grand Concourse, 1925 Grand Concourse, Bronx, NY 10456",2028080021,1010244,249048
53,1.15%,27.70%,$950 ,Conduct Commercial Refrigerator Maintenance on 2-Door Refrigerator,$263 ,"$1,669 ",,3.6,-,2.8,-,-,"1,144",-,"Energy Assessment For: New Covenant Christian Church - 1925 Grand Concourse, 1925 Grand Concourse, Bronx, NY 10456",Bronx,"Energy Assessment For: New Covenant Christian Church - 1925 Grand Concourse, 1925 Grand Concourse, Bronx, NY 10456",2028080021,1010244,249048
54,1.44%,10.50%,"$3,150 ",Replace Cooling Equipment with ENERGY STAR Units,$331 ,$804 ,,9.5,-,1.3,-,-,"1,440",1.5,"Energy Assessment For: New Covenant Christian Church - 1925 Grand Concourse, 1925 Grand Concourse, Bronx, NY 10456",Bronx,"Energy Assessment For: New Covenant Christian Church - 1925 Grand Concourse, 1925 Grand Concourse, Bronx, NY 10456",2028080021,1010244,249048
55,26.64%,6.80%,"$89,320 ",Replace Boiler and Convert to a Hot Water Distribution System,"$6,113 ","$1,624 ",,14.6,-,1,"4,099","-4,158",-,-,"Energy Assessment For: New Covenant Christian Church - 1925 Grand Concourse, 1925 Grand Concourse, Bronx, NY 10456",Bronx,"Energy Assessment For: New Covenant Christian Church - 1925 Grand Concourse, 1925 Grand Concourse, Bronx, NY 10456",2028080021,1010244,249048
56,32.98%,9.00%,"$98,750 ",Install Photovoltaic Solar Cells,"$7,566 ","$47,804 ",,11.1,"$14,813 ",1.6,-,-,"32,894",-,"Energy Assessment For: New Covenant Christian Church - 1925 Grand Concourse, 1925 Grand Concourse, Bronx, NY 10456",Bronx,"Energy Assessment For: New Covenant Christian Church - 1925 Grand Concourse, 1925 Grand Concourse, Bronx, NY 10456",2028080021,1010244,249048
57,3.37%,19.60%,"$2,705 ",Upgrade the Lighting to LED Lighting,$159 ,"$1,088 ",,5.1,"$1,894 ",2.3,-21,-,987,2,"Energy Assessment For: Templo Christiano Carismatico Rios De Agua Viva, 1505 Hoe Ave., Bronx, NY 10460",Bronx,"Energy Assessment For: Templo Christiano Carismatico Rios De Agua Viva, 1505 Hoe Ave., Bronx, NY 10460",2029810026,1014921,243021
58,11.64%,129.30%,$425 ,Optimize Temperature Setpoint Schedule,$550 ,"$4,659 ",,0.8,-,12,170,-,-,-,"Energy Assessment For: Templo Christiano Carismatico Rios De Agua Viva, 1505 Hoe Ave., Bronx, NY 10460",Bronx,"Energy Assessment For: Templo Christiano Carismatico Rios De Agua Viva, 1505 Hoe Ave., Bronx, NY 10460",2029810026,1014921,243021
59,6.89%,55.60%,$585 ,Reduce Building Envelope Infiltration Losses,$325 ,"$5,078 ",,1.8,-,9.7,100,-,-,-,"Energy Assessment For: Templo Christiano Carismatico Rios De Agua Viva, 1505 Hoe Ave., Bronx, NY 10460",Bronx,"Energy Assessment For: Templo Christiano Carismatico Rios De Agua Viva, 1505 Hoe Ave., Bronx, NY 10460",2029810026,1014921,243021
60,7.34%,15.90%,"$2,175 ",Add Attic Insulation and Insulate and Seal Skylight,$346 ,"$4,616 ",,6.3,-,3.1,107,-,-,-,"Energy Assessment For: Templo Christiano Carismatico Rios De Agua Viva, 1505 Hoe Ave., Bronx, NY 10460",Bronx,"Energy Assessment For: Templo Christiano Carismatico Rios De Agua Viva, 1505 Hoe Ave., Bronx, NY 10460",2029810026,1014921,243021
61,37.48%,6.80%,"$26,058 ",Replace Boiler with Hydronic Boiler and Convert Distribution System,"$1,770 ",$268 ,,14.7,-,1,911,-931,-,-,"Energy Assessment For: Templo Christiano Carismatico Rios De Agua Viva, 1505 Hoe Ave., Bronx, NY 10460",Bronx,"Energy Assessment For: Templo Christiano Carismatico Rios De Agua Viva, 1505 Hoe Ave., Bronx, NY 10460",2029810026,1014921,243021
62,8.01%,8.20%,"$5,438 ",Install Photovoltaic Solar Cells,$378 ,"$1,966 ",,12.2,$816 ,1.4,-,-,"1,645",-,"Energy Assessment For: Templo Christiano Carismatico Rios De Agua Viva, 1505 Hoe Ave., Bronx, NY 10460",Bronx,"Energy Assessment For: Templo Christiano Carismatico Rios De Agua Viva, 1505 Hoe Ave., Bronx, NY 10460",2029810026,1014921,243021
63,6.93%,17.70%,"$2,184 ",Upgrade the Lighting to LED Lighting,$116 ,$726 ,,5.7,"$1,529 ",2.1,,-13,574,0.6,"Energy Assessment For: One Way to Heaven Christian Church - 1110 Garrison, 1110 Garrison Ave., Bronx, NY 10474",Bronx,"Energy Assessment For: One Way to Heaven Christian Church - 1110 Garrison, 1110 Garrison Ave., Bronx, NY 10474",2027610022,1014983,237951
64,13.74%,8.30%,"$2,760 ",Add Insulation to Floors,$229 ,"$1,735 ",,12,-,1.6,,130,-,-,"Energy Assessment For: One Way to Heaven Christian Church - 1110 Garrison, 1110 Garrison Ave., Bronx, NY 10474",Bronx,"Energy Assessment For: One Way to Heaven Christian Church - 1110 Garrison, 1110 Garrison Ave., Bronx, NY 10474",2027610022,1014983,237951
65,47.29%,8.70%,"$10,625 ",Install Photovoltaic Solar Cells,$789 ,"$4,714 ",,11.4,"$1,594 ",1.5,,-,"3,289",-,"Energy Assessment For: One Way to Heaven Christian Church - 1110 Garrison, 1110 Garrison Ave., Bronx, NY 10474",Bronx,"Energy Assessment For: One Way to Heaven Christian Church - 1110 Garrison, 1110 Garrison Ave., Bronx, NY 10474",2027610022,1014983,237951
66,-,1834.00%,$30 ,Fix Running Toilet,$550 ,"$1,526 ",,0.1,-,51.9,"42,000",-,-,-,"Energy Assessment For: One Way to Heaven Christian Church - 1112 Garrison, 1112 Garrison Ave., Bronx, NY 10474",Bronx,"Energy Assessment For: One Way to Heaven Christian Church - 1112 Garrison, 1112 Garrison Ave., Bronx, NY 10474",2027610022,1014983,237951
67,2.66%,27.10%,$968 ,Upgrade the Lighting to LED Lighting,$79 ,$651 ,,3.7,$678 ,3.2,-,-8,383,0.4,"Energy Assessment For: One Way to Heaven Christian Church - 1112 Garrison, 1112 Garrison Ave., Bronx, NY 10474",Bronx,"Energy Assessment For: One Way to Heaven Christian Church - 1112 Garrison, 1112 Garrison Ave., Bronx, NY 10474",2027610022,1014983,237951
68,27.80%,12.50%,"$6,600 ",Install Gas-Fired Condensing Furnace to Replace Electric Heaters,$824 ,"$5,659 ",,8,-,1.9,-,-191,"4,680",-,"Energy Assessment For: One Way to Heaven Christian Church - 1112 Garrison, 1112 Garrison Ave., Bronx, NY 10474",Bronx,"Energy Assessment For: One Way to Heaven Christian Church - 1112 Garrison, 1112 Garrison Ave., Bronx, NY 10474",2027610022,1014983,237951
69,7.13%,7.40%,"$2,850 ",Add Insulation to Floors,$211 ,"$1,291 ",,13.5,-,1.5,-,135,-,-,"Energy Assessment For: One Way to Heaven Christian Church - 1112 Garrison, 1112 Garrison Ave., Bronx, NY 10474",Bronx,"Energy Assessment For: One Way to Heaven Christian Church - 1112 Garrison, 1112 Garrison Ave., Bronx, NY 10474",2027610022,1014983,237951
70,3.13%,11.60%,$800 ,Replace Old Refrigerators with ENERGY STAR Units,$93 ,$122 ,,8.6,-,1.2,-,-,386,-,"Energy Assessment For: One Way to Heaven Christian Church - 1112 Garrison, 1112 Garrison Ave., Bronx, NY 10474",Bronx,"Energy Assessment For: One Way to Heaven Christian Church - 1112 Garrison, 1112 Garrison Ave., Bronx, NY 10474",2027610022,1014983,237951
71,36.21%,8.60%,"$14,700 ",Install Photovoltaic Solar Cells,"$1,073 ","$6,191 ",,11.6,"$2,205 ",1.5,-,-,"4,471",-,"Energy Assessment For: One Way to Heaven Christian Church - 1112 Garrison, 1112 Garrison Ave., Bronx, NY 10474",Bronx,"Energy Assessment For: One Way to Heaven Christian Church - 1112 Garrison, 1112 Garrison Ave., Bronx, NY 10474",2027610022,1014983,237951
72,14.34%,204.20%,$850 ,Optimize Temperature Setpoint Schedule,"$1,735 ","$15,206 ",,0.5,-,18.9,256,970,-,-,"Energy Assessment For: Rock of Salvation Christian Church, 1179 Hoe Ave., Bronx, NY 10459",Bronx,"Energy Assessment For: Rock of Salvation Christian Church, 1179 Hoe Ave., Bronx, NY 10459",2027450027,1014384,241119
73,6.22%,30.80%,"$8,128 ",Upgrade the Lighting to LED Lighting,$752 ,"$6,540 ",,3.2,"$5,690 ",3.7,-,-55,"3,520",1.7,"Energy Assessment For: Rock of Salvation Christian Church, 1179 Hoe Ave., Bronx, NY 10459",Bronx,"Energy Assessment For: Rock of Salvation Christian Church, 1179 Hoe Ave., Bronx, NY 10459",2027450027,1014384,241119
74,8.49%,1141.70%,$90 ,Reduce Building Envelope Infiltration Losses,"$1,028 ","$7,123 ",,0.1,-,80.1,-,865,520,-,"Energy Assessment For: Rock of Salvation Christian Church, 1179 Hoe Ave., Bronx, NY 10459",Bronx,"Energy Assessment For: Rock of Salvation Christian Church, 1179 Hoe Ave., Bronx, NY 10459",2027450027,1014384,241119
75,<1%,15.10%,$475 ,Replace Old Refrigerators with ENERGY STAR Units,$72 ,$239 ,,6.6,-,1.5,-,-,312,-,"Energy Assessment For: Rock of Salvation Christian Church, 1179 Hoe Ave., Bronx, NY 10459",Bronx,"Energy Assessment For: Rock of Salvation Christian Church, 1179 Hoe Ave., Bronx, NY 10459",2027450027,1014384,241119
76,11.42%,7.30%,"$19,553 ",Replace Oil-Fired Boiler with High- Efficiency Gas Boiler,"$1,381 ","$1,699 ",,13.6,$700 ,1.1,861,-981,-,-,"Energy Assessment For: Rock of Salvation Christian Church, 1179 Hoe Ave., Bronx, NY 10459",Bronx,"Energy Assessment For: Rock of Salvation Christian Church, 1179 Hoe Ave., Bronx, NY 10459",2027450027,1014384,241119
77,1.75%,12.10%,"$2,000 ",Replace Window and Through-the-Wall AC Units,$212 ,$775 ,,8.3,$250 ,1.4,-,-,920,2,"Energy Assessment For: Rock of Salvation Christian Church, 1179 Hoe Ave., Bronx, NY 10459",Bronx,"Energy Assessment For: Rock of Salvation Christian Church, 1179 Hoe Ave., Bronx, NY 10459",2027450027,1014384,241119
78,12.50%,8.40%,"$21,250 ",Install Photovoltaic Solar Cells,"$1,513 ","$8,287 ",,11.9,"$3,188 ",1.5,-,-,"6,579",-,"Energy Assessment For: Rock of Salvation Christian Church, 1179 Hoe Ave., Bronx, NY 10459",Bronx,"Energy Assessment For: Rock of Salvation Christian Church, 1179 Hoe Ave., Bronx, NY 10459",2027450027,1014384,241119
79,5.23%,47.70%,$600 ,Replace Old Refrigerators with ENERGY STAR Units,$286 ,"$2,816 ",,2.1,‐,5.7,,‐,"2,515",‐,"Energy Assessment For: Bright Temple AME Church, 812 Faile Street, Bronx, NY 10474",Bronx,"Energy Assessment For: Bright Temple AME Church, 812 Faile Street, Bronx, NY 10474",2027620072,1015568,237012
80,3.81%,15.20%,"$1,884 ",Upgrade the lighting to LED Lighting,$209 ,$562 ,,6.6,$515 ,1.4,,-52,"3,535",5.1,"Energy Assessment For: Bright Temple AME Church, 812 Faile Street, Bronx, NY 10474",Bronx,"Energy Assessment For: Bright Temple AME Church, 812 Faile Street, Bronx, NY 10474",2027620072,1015568,237012
81,<1%,22.50%,$107 ,Upgrade the lighting to T8 Lighting,$13 ,$53 ,,4.5,$50 ,1.9,,-2,190,0.1,"Energy Assessment For: Bright Temple AME Church, 812 Faile Street, Bronx, NY 10474",Bronx,"Energy Assessment For: Bright Temple AME Church, 812 Faile Street, Bronx, NY 10474",2027620072,1015568,237012
82,5.74%,18.10%,"$1,740 ",Reduce Building Envelope Infiltration Losses,$314 ,$465 ,,5.5,‐,1.3,,84,‐,‐,"Energy Assessment For: Bright Temple AME Church, 812 Faile Street, Bronx, NY 10474",Bronx,"Energy Assessment For: Bright Temple AME Church, 812 Faile Street, Bronx, NY 10474",2027620072,1015568,237012
83,19.83%,5.20%,"$21,000 ",Replace Windows,"$1,085 ","‐$2,106",,19.4,‐,0.9,,285,141,‐,"Energy Assessment For: Bright Temple AME Church, 812 Faile Street, Bronx, NY 10474",Bronx,"Energy Assessment For: Bright Temple AME Church, 812 Faile Street, Bronx, NY 10474",2027620072,1015568,237012
84,<1%,42.70%,$105 ,Upgrade the lighting to LED Lighting,$37 ,$259 ,,2.3,$17 ,4,-2,‐,145,0.2,"Energy Assessment For: St Joan of Arc-Rectory 1372 Stratford Ave, Bronx, NY 10472",Bronx,"Energy Assessment For: St Joan of Arc-Rectory 1372 Stratford Ave, Bronx, NY 10472",2038670032,1018520,242884
85,‐,12.70%,"$13,500 ",Install Photovoltaic Solar Cells,$854 ,"$8,124 ",,7.9,"$6,750 ",2.2,‐,‐,"3,316",‐,"Energy Assessment For: St Joan of Arc-Rectory 1372 Stratford Ave, Bronx, NY 10472",Bronx,"Energy Assessment For: St Joan of Arc-Rectory 1372 Stratford Ave, Bronx, NY 10472",2038670032,1018520,242884
86,1.41%,19.80%,$500 ,Reduce Building Envelope Infiltration Losses,$99 ,$194 ,,5.1,‐,1.4,29,‐,13,‐,"Energy Assessment For: St Joan of Arc-Rectory 1372 Stratford Ave, Bronx, NY 10472",Bronx,"Energy Assessment For: St Joan of Arc-Rectory 1372 Stratford Ave, Bronx, NY 10472",2038670032,1018520,242884
87,<1%,15.70%,$55 ,Upgrade the lighting to T8 Lighting,$8 ,$18 ,,6.4,$4 ,1.3,0,‐,31,0,"Energy Assessment For: St Joan of Arc-Rectory 1372 Stratford Ave, Bronx, NY 10472",Bronx,"Energy Assessment For: St Joan of Arc-Rectory 1372 Stratford Ave, Bronx, NY 10472",2038670032,1018520,242884
88,<1%,10.40%,$500 ,Replace Old Refrigerators with ENERGY STAR Units,$52 ,$124 ,,9.6,‐,1.2,‐,‐,203,‐,"Energy Assessment For: St Joan of Arc-Rectory 1372 Stratford Ave, Bronx, NY 10472",Bronx,"Energy Assessment For: St Joan of Arc-Rectory 1372 Stratford Ave, Bronx, NY 10472",2038670032,1018520,242884
89,<1%,145.50%,$135 ,Upgrade the lighting to LED Lighting,$131 ,"$1,027 ",,0.7,$45 ,12.4,-1,‐,"1,075",0,"Energy Assessment For: St Joan of Arc-Church 1372 Stratford Ave, Bronx, NY 10472",Bronx,"Energy Assessment For: St Joan of Arc-Church 1372 Stratford Ave, Bronx, NY 10472",2038670032,1018520,242884
90,2.75%,43.00%,$900 ,Replace Old Refrigerators with ENERGY STAR Units,$387 ,"$3,719 ",,2.3,‐,5.1,‐,‐,"3,365",‐,"Energy Assessment For: St Joan of Arc-Church 1372 Stratford Ave, Bronx, NY 10472",Bronx,"Energy Assessment For: St Joan of Arc-Church 1372 Stratford Ave, Bronx, NY 10472",2038670032,1018520,242884
91,<1%,34.60%,$240 ,Upgrade the lighting to T8 Lighting,$72 ,$408 ,,2.9,$31 ,3,-4,‐,254,0.2,"Energy Assessment For: St Joan of Arc-Church 1372 Stratford Ave, Bronx, NY 10472",Bronx,"Energy Assessment For: St Joan of Arc-Church 1372 Stratford Ave, Bronx, NY 10472",2038670032,1018520,242884
92,<1%,18.90%,$125 ,Reduce Building Envelope Infiltration Losses,$24 ,$41 ,,5.3,‐,1.3,7,‐,5,‐,"Energy Assessment For: St Joan of Arc-Church 1372 Stratford Ave, Bronx, NY 10472",Bronx,"Energy Assessment For: St Joan of Arc-Church 1372 Stratford Ave, Bronx, NY 10472",2038670032,1018520,242884
93,10.86%,24.40%,"$6,272 ",Test and Replace Failed Steam Traps,"$1,531 ",$740 ,,4.1,‐,1.1,460,‐,‐,‐,"Energy Assessment For: St Joan of Arc-Church 1372 Stratford Ave, Bronx, NY 10472",Bronx,"Energy Assessment For: St Joan of Arc-Church 1372 Stratford Ave, Bronx, NY 10472",2038670032,1018520,242884
94,1.87%,‐,No Cost.,Reduce Steam Pressure,$263 ,"$1,204 ",,Immediate,‐,‐,79,‐,‐,‐,"Energy Assessment For: St Joan of Arc-Church 1372 Stratford Ave, Bronx, NY 10472",Bronx,"Energy Assessment For: St Joan of Arc-Church 1372 Stratford Ave, Bronx, NY 10472",2038670032,1018520,242884
95,1.59%,9.00%,"$2,500 ",Install a Boiler Water Treatment System,$225 ,$180 ,,11.1,‐,1.1,67,‐,‐,‐,"Energy Assessment For: St Joan of Arc-Church 1372 Stratford Ave, Bronx, NY 10472",Bronx,"Energy Assessment For: St Joan of Arc-Church 1372 Stratford Ave, Bronx, NY 10472",2038670032,1018520,242884
96,7.18%,34.90%,"$2,400 ",Install Interior Plexiglass Over Windows to Reduce Infiltration,$837 ,"$12,174 ",,2.9,‐,6.1,,594,‐,‐,"Energy Assessment For: King of Glory Tabernacle 2019 Grand Avenue, Bronx, NY 10453",Bronx,"Energy Assessment For: King of Glory Tabernacle 2019 Grand Avenue, Bronx, NY 10453",2028690141,1009133,250305
97,<1%,92.20%,$75 ,Reduce Building Envelope Infiltration Losses,$69 ,$410 ,,1.1,‐,6.5,,49,‐,‐,"Energy Assessment For: King of Glory Tabernacle 2019 Grand Avenue, Bronx, NY 10453",Bronx,"Energy Assessment For: King of Glory Tabernacle 2019 Grand Avenue, Bronx, NY 10453",2028690141,1009133,250305
98,<1%,11.70%,$550 ,Install Heat Destratification Fans in Sanctuary,$64 ,$218 ,,8.6,‐,1.4,,46,‐,‐,"Energy Assessment For: King of Glory Tabernacle 2019 Grand Avenue, Bronx, NY 10453",Bronx,"Energy Assessment For: King of Glory Tabernacle 2019 Grand Avenue, Bronx, NY 10453",2028690141,1009133,250305
99,<1%,126.80%,$34 ,Upgrade the lighting to LED Lighting,$37 ,$557 ,,0.8,$5 ,20.2,,-4,162,0.1,"Energy Assessment For: King of Glory Tabernacle 2019 Grand Avenue, Bronx, NY 10453",Bronx,"Energy Assessment For: King of Glory Tabernacle 2019 Grand Avenue, Bronx, NY 10453",2028690141,1009133,250305
100,1.33%,30.60%,$658 ,Upgrade the lighting to T8 Lighting,$155 ,"$1,349 ",,3.3,$150 ,3.7,,-16,686,0.4,"Energy Assessment For: King of Glory Tabernacle 2019 Grand Avenue, Bronx, NY 10453",Bronx,"Energy Assessment For: King of Glory Tabernacle 2019 Grand Avenue, Bronx, NY 10453",2028690141,1009133,250305
101,2.82%,26.40%,"$1,250 ",Lower Steam Supply Pressure,$329 ,"$1,560 ",,3.8,‐,2.2,,234,‐,‐,"Energy Assessment For: King of Glory Tabernacle 2019 Grand Avenue, Bronx, NY 10453",Bronx,"Energy Assessment For: King of Glory Tabernacle 2019 Grand Avenue, Bronx, NY 10453",2028690141,1009133,250305
102,1.73%,84.20%,$240 ,Insulate Steam Piping,$202 ,"$2,767 ",,1.2,‐,12.5,,143,‐,‐,"Energy Assessment For: King of Glory Tabernacle 2019 Grand Avenue, Bronx, NY 10453",Bronx,"Energy Assessment For: King of Glory Tabernacle 2019 Grand Avenue, Bronx, NY 10453",2028690141,1009133,250305
103,4.26%,‐,No Cost.,Shop Around for Energy Suppliers,$497 ,"$4,242 ",,Immediate,‐,‐,,‐,‐,‐,"Energy Assessment For: King of Glory Tabernacle 2019 Grand Avenue, Bronx, NY 10453",Bronx,"Energy Assessment For: King of Glory Tabernacle 2019 Grand Avenue, Bronx, NY 10453",2028690141,1009133,250305
104,14.67%,23.10%,"$17,500 ",Install Photovoltaic Solar Cells,"$1,711 ","$22,390 ",,4.3,"$10,091 ",4,,‐,"6,582",‐,"Energy Assessment For: King of Glory Tabernacle 2019 Grand Avenue, Bronx, NY 10453",Bronx,"Energy Assessment For: King of Glory Tabernacle 2019 Grand Avenue, Bronx, NY 10453",2028690141,1009133,250305
105,23.28%,231.00%,"$3,300 ",Optimize Temperature Setpoint Schedule,"$7,621 ","$67,219 ",,0.4,-,21.4,"1,845",-,-,-,"Energy Assessment For: Fordham Manor Reformed Church, 2701 Reservoir Avenue, Bronx, NY 10468",Bronx,"Energy Assessment For: Fordham Manor Reformed Church, 2701 Reservoir Avenue, Bronx, NY 10468",2032480240,1011892,255763
106,<1%,152.00%,$150 ,Insulate Steam Piping,$228 ,"$1,960 ",,0.7,-,14.1,55,-,-,-,"Energy Assessment For: Fordham Manor Reformed Church, 2701 Reservoir Avenue, Bronx, NY 10468",Bronx,"Energy Assessment For: Fordham Manor Reformed Church, 2701 Reservoir Avenue, Bronx, NY 10468",2032480240,1011892,255763
107,1.93%,15.80%,"$4,000 ",Add Insulation,$631 ,"$8,376 ",,6.3,-,3.1,147,-,100,-,"Energy Assessment For: Fordham Manor Reformed Church, 2701 Reservoir Avenue, Bronx, NY 10468",Bronx,"Energy Assessment For: Fordham Manor Reformed Church, 2701 Reservoir Avenue, Bronx, NY 10468",2032480240,1011892,255763
108,<1%,38.50%,$560 ,Reduce Building Envelope Infiltration Losses,$216 ,$955 ,,2.6,-,2.7,50,-,31,-,"Energy Assessment For: Fordham Manor Reformed Church, 2701 Reservoir Avenue, Bronx, NY 10468",Bronx,"Energy Assessment For: Fordham Manor Reformed Church, 2701 Reservoir Avenue, Bronx, NY 10468",2032480240,1011892,255763
109,1.25%,15.80%,"$2,788 ",Upgrade the lighting to T8 Lighting,$408 ,"$2,281 ",,6.3,$200 ,1.9,-28,-,"1,774",1.3,"Energy Assessment For: Fordham Manor Reformed Church, 2701 Reservoir Avenue, Bronx, NY 10468",Bronx,"Energy Assessment For: Fordham Manor Reformed Church, 2701 Reservoir Avenue, Bronx, NY 10468",2032480240,1011892,255763
110,<1%,15.50%,$326 ,Upgrade the lighting to LED Lighting,$47 ,$258 ,,6.4,$23 ,1.9,-1,-,204,0.1,"Energy Assessment For: Fordham Manor Reformed Church, 2701 Reservoir Avenue, Bronx, NY 10468",Bronx,"Energy Assessment For: Fordham Manor Reformed Church, 2701 Reservoir Avenue, Bronx, NY 10468",2032480240,1011892,255763
111,3.89%,8.20%,"$20,000 ",Install Photovoltaic Solar Cells,"$1,272 ","$6,652 ",,12.2,"$4,500 ",1.4,-,-,"5,531",-,"Energy Assessment For: Fordham Manor Reformed Church, 2701 Reservoir Avenue, Bronx, NY 10468",Bronx,"Energy Assessment For: Fordham Manor Reformed Church, 2701 Reservoir Avenue, Bronx, NY 10468",2032480240,1011892,255763
112,<1%,10.30%,"$2,900 ",Replace Old Refrigerators with ENERGY STAR Units,$299 ,$77 ,,9.7,-,1,-,-,"1,301",-,"Energy Assessment For: Fordham Manor Reformed Church, 2701 Reservoir Avenue, Bronx, NY 10468",Bronx,"Energy Assessment For: Fordham Manor Reformed Church, 2701 Reservoir Avenue, Bronx, NY 10468",2032480240,1011892,255763
113,2.81%,6.60%,"$14,000 ",Replace Windows,$920 ,($306),,15.2,-,1,215,-,134,-,"Energy Assessment For: Fordham Manor Reformed Church, 2701 Reservoir Avenue, Bronx, NY 10468",Bronx,"Energy Assessment For: Fordham Manor Reformed Church, 2701 Reservoir Avenue, Bronx, NY 10468",2032480240,1011892,255763
114,<1%,22.40%,$150 ,Implement Lighting Controls,$34 ,$86 ,,4.5,-,1.6,-,-,146,-,"Energy Assessment For: Calvary United Methodist Church-Church, 1885 University Ave, Bronx, NY 10453",Bronx,"Energy Assessment For: Calvary United Methodist Church-Church, 1885 University Ave, Bronx, NY 10453",2028790035,1008118,249922
115,1.39%,21.20%,"$1,873 ",Upgrade the lighting to LED Lighting,$352 ,"$2,541 ",,4.7,$215 ,2.5,-4,-,"1,597",0.2,"Energy Assessment For: Calvary United Methodist Church-Church, 1885 University Ave, Bronx, NY 10453",Bronx,"Energy Assessment For: Calvary United Methodist Church-Church, 1885 University Ave, Bronx, NY 10453",2028790035,1008118,249922
116,6.50%,41.10%,"$4,000 ",Test Steam Traps and Repair/replace Failed Traps,"$1,643 ","$4,902 ",,2.4,-,2.2,457,-,-,-,"Energy Assessment For: Calvary United Methodist Church-Church, 1885 University Ave, Bronx, NY 10453",Bronx,"Energy Assessment For: Calvary United Methodist Church-Church, 1885 University Ave, Bronx, NY 10453",2028790035,1008118,249922
117,31.74%,28.60%,"$28,000 ",Fuel Conversion Oil to Natural Gas,"$8,018 ","$40,398 ",,3.5,-,2.4,-,-,-,-,"Energy Assessment For: Calvary United Methodist Church-Church, 1885 University Ave, Bronx, NY 10453",Bronx,"Energy Assessment For: Calvary United Methodist Church-Church, 1885 University Ave, Bronx, NY 10453",2028790035,1008118,249922
118,4.50%,-,No Cost.,Optimize Temperature Setpoint Schedule,$373 ,"$3,453 ",,Immediate,-,-,,100,-,-,"Energy Assessment For: Calvary United Methodist Church-Parsonage, 1872 University Ave, Bronx, NY 10453",Bronx,"Energy Assessment For: Calvary United Methodist Church-Parsonage, 1872 University Ave, Bronx, NY 10453",2028680030,1008231,249770
119,1.91%,6.30%,"$2,500 ",Replace Exterior Doors,$159 ,$608 ,,15.8,-,1.2,,40,48,-,"Energy Assessment For: Calvary United Methodist Church-Parsonage, 1872 University Ave, Bronx, NY 10453",Bronx,"Energy Assessment For: Calvary United Methodist Church-Parsonage, 1872 University Ave, Bronx, NY 10453",2028680030,1008231,249770
120,<1%,74.70%,$70 ,Insulate DHW Piping,$52 ,$414 ,,1.3,-,6.9,,-,227,-,"Energy Assessment For: Calvary United Methodist Church-Parsonage, 1872 University Ave, Bronx, NY 10453",Bronx,"Energy Assessment For: Calvary United Methodist Church-Parsonage, 1872 University Ave, Bronx, NY 10453",2028680030,1008231,249770
121,5.33%,294.30%,$150 ,Insulate Steam Piping,$441 ,"$3,935 ",,0.3,-,27.2,,119,-,-,"Energy Assessment For: Calvary United Methodist Church-Parsonage, 1872 University Ave, Bronx, NY 10453",Bronx,"Energy Assessment For: Calvary United Methodist Church-Parsonage, 1872 University Ave, Bronx, NY 10453",2028680030,1008231,249770
122,9.88%,33.40%,"$2,450 ",Replace Domestic Hot Water Heater (DHW),$819 ,"$7,330 ",,3,-,4,,-,-191,-,"Energy Assessment For: Calvary United Methodist Church-Parsonage, 1872 University Ave, Bronx, NY 10453",Bronx,"Energy Assessment For: Calvary United Methodist Church-Parsonage, 1872 University Ave, Bronx, NY 10453",2028680030,1008231,249770
123,26.53%,12.60%,"$17,500 ",Fuel Conversion Oil to Natural Gas,"$2,199 ","$1,261 ",,8,-,1.1,,-,-,-,"Energy Assessment For: Calvary United Methodist Church-Parsonage, 1872 University Ave, Bronx, NY 10453",Bronx,"Energy Assessment For: Calvary United Methodist Church-Parsonage, 1872 University Ave, Bronx, NY 10453",2028680030,1008231,249770
124,<1%,56.30%,$153 ,Upgrade the lighting to LED Lighting,$61 ,$618 ,,1.8,$45 ,6.7,,-,307,0.4,"Energy Assessment For: Calvary United Methodist Church-Parsonage, 1872 University Ave, Bronx, NY 10453",Bronx,"Energy Assessment For: Calvary United Methodist Church-Parsonage, 1872 University Ave, Bronx, NY 10453",2028680030,1008231,249770
125,1.73%,8.80%,"$2,750 ",Replace Radiators in the Sanctuary with High Output Radiators,$243 ,$147 ,,11.3,-,1.1,,-43,"1,248",-,"Energy Assessment For:, United Church 764 Hewitt Place, Bronx, NY 10455",Bronx,"Energy Assessment For:, United Church 764 Hewitt Place, Bronx, NY 10455",2026950006,1011754,237175
126,5.59%,60.10%,"$1,300 ",Optimize Temperature Setpoint Schedule,$782 ,"$5,932 ",,1.7,-,5.6,,615,-,-,"Energy Assessment For:, United Church 764 Hewitt Place, Bronx, NY 10455",Bronx,"Energy Assessment For:, United Church 764 Hewitt Place, Bronx, NY 10455",2026950006,1011754,237175
127,<1%,46.30%,$240 ,Insulate Hot Water Piping,$111 ,$788 ,,2.2,-,4.3,,88,-,-,"Energy Assessment For:, United Church 764 Hewitt Place, Bronx, NY 10455",Bronx,"Energy Assessment For:, United Church 764 Hewitt Place, Bronx, NY 10455",2026950006,1011754,237175
128,4.86%,66.30%,"$1,025 ",Reduce Building Envelope Infiltration Losses,$679 ,"$3,743 ",,1.5,-,4.7,,535,-,-,"Energy Assessment For:, United Church 764 Hewitt Place, Bronx, NY 10455",Bronx,"Energy Assessment For:, United Church 764 Hewitt Place, Bronx, NY 10455",2026950006,1011754,237175
129,4.99%,17.50%,"$8,708 ",Upgrade the Lighting to LED Lighting,$697 ,"$4,333 ",,5.7,"$4,716 ",2.1,,-74,"3,165",2.3,"Energy Assessment For:, United Church 764 Hewitt Place, Bronx, NY 10455",Bronx,"Energy Assessment For:, United Church 764 Hewitt Place, Bronx, NY 10455",2026950006,1011754,237175
130,<1%,5.70%,$180 ,Upgrade the Lighting to T8 Lighting,$3 ,($17),,17.5,$126 ,0.7,,0,14,0.1,"Energy Assessment For:, United Church 764 Hewitt Place, Bronx, NY 10455",Bronx,"Energy Assessment For:, United Church 764 Hewitt Place, Bronx, NY 10455",2026950006,1011754,237175
131,2.18%,16.90%,"$2,100 ",Implement Lighting Controls,$304 ,$336 ,,5.9,$300 ,1.2,,-32,"1,381",-,"Energy Assessment For:, United Church 764 Hewitt Place, Bronx, NY 10455",Bronx,"Energy Assessment For:, United Church 764 Hewitt Place, Bronx, NY 10455",2026950006,1011754,237175
132,<1%,12.60%,$774 ,Replace Old Refrigerators with ENERGY STAR Units,$97 ,$195 ,,7.9,-,1.3,,-,390,-,"Energy Assessment For:, United Church 764 Hewitt Place, Bronx, NY 10455",Bronx,"Energy Assessment For:, United Church 764 Hewitt Place, Bronx, NY 10455",2026950006,1011754,237175
133,1.09%,74.40%,$375 ,Insulate Steam Piping,$279 ,"$2,207 ",,1.3,-,6.9,,227,-,-,"Energy Assessment For: Bronx Spanish Evangelical Church, 800 E. 156th St., Bronx, NY 10455",Bronx,"Energy Assessment For: Bronx Spanish Evangelical Church, 800 E. 156th St., Bronx, NY 10455",2026650056,1010728,237210
134,<1%,39.40%,$30 ,Insulate DHW Piping,$12 ,$79 ,,2.5,-,3.6,,10,-,-,"Energy Assessment For: Bronx Spanish Evangelical Church, 800 E. 156th St., Bronx, NY 10455",Bronx,"Energy Assessment For: Bronx Spanish Evangelical Church, 800 E. 156th St., Bronx, NY 10455",2026650056,1010728,237210
135,<1%,128.90%,$50 ,Reduce Building Envelope Infiltration Losses,$64 ,$402 ,,0.8,-,9,,52,-,-,"Energy Assessment For: Bronx Spanish Evangelical Church, 800 E. 156th St., Bronx, NY 10455",Bronx,"Energy Assessment For: Bronx Spanish Evangelical Church, 800 E. 156th St., Bronx, NY 10455",2026650056,1010728,237210
136,4.83%,9.30%,"$17,776 ",Upgrade the Lighting to LED Lighting,"$1,237 ","$1,527 ",,10.7,"$4,535 ",1.1,,-118,"5,527",4.3,"Energy Assessment For: Bronx Spanish Evangelical Church, 800 E. 156th St., Bronx, NY 10455",Bronx,"Energy Assessment For: Bronx Spanish Evangelical Church, 800 E. 156th St., Bronx, NY 10455",2026650056,1010728,237210
137,17.47%,-,No Cost.,Optimize Temperature Setpoint Schedule,"$2,041 ","$18,887 ",,Immediate,-,-,,"1,775",-,-,"Energy Assessment For: St. Edmunds Church 1905 Morris Ave., Bronx, NY 10453",Bronx,"Energy Assessment For: St. Edmunds Church 1905 Morris Ave., Bronx, NY 10453",2028280037,1009644,248942
138,3.12%,11.00%,"$3,358 ",Upgrade the Lighting to LED Lighting,$365 ,"$1,050 ",,9.1,$50 ,1.3,,-33,"1,438",0.8,"Energy Assessment For: St. Edmunds Church 1905 Morris Ave., Bronx, NY 10453",Bronx,"Energy Assessment For: St. Edmunds Church 1905 Morris Ave., Bronx, NY 10453",2028280037,1009644,248942
139,<1%,161.20%,$9 ,Insulate DHW Piping,$15 ,$125 ,,0.6,-,14.9,,13,-,-,"Energy Assessment For: St. Edmunds Church 1905 Morris Ave., Bronx, NY 10453",Bronx,"Energy Assessment For: St. Edmunds Church 1905 Morris Ave., Bronx, NY 10453",2028280037,1009644,248942
140,1.54%,59.80%,$300 ,Insulate Steam Piping,$179 ,"$1,360 ",,1.7,-,5.5,,156,-,-,"Energy Assessment For: St. Edmunds Church 1905 Morris Ave., Bronx, NY 10453",Bronx,"Energy Assessment For: St. Edmunds Church 1905 Morris Ave., Bronx, NY 10453",2028280037,1009644,248942
141,1.01%,15.30%,$775 ,Replace Old Refrigerators with ENERGY STAR Units,$119 ,$405 ,,6.5,-,1.5,,-,423,-,"Energy Assessment For: St. Edmunds Church 1905 Morris Ave., Bronx, NY 10453",Bronx,"Energy Assessment For: St. Edmunds Church 1905 Morris Ave., Bronx, NY 10453",2028280037,1009644,248942
142,3.49%,-,No Cost.,Unplug Unused Refrigerators/Consolidate Products,$408 ,"$1,867 ",,Immediate,-,-,,-,"1,456",-,"Energy Assessment For: St. Edmunds Church 1905 Morris Ave., Bronx, NY 10453",Bronx,"Energy Assessment For: St. Edmunds Church 1905 Morris Ave., Bronx, NY 10453",2028280037,1009644,248942
143,<1%,70.50%,$75 ,Reduce Building Envelope Infiltration Losses,$53 ,$296 ,,1.4,-,4.9,,46,-,-,"Energy Assessment For: St. Edmunds Church 1905 Morris Ave., Bronx, NY 10453",Bronx,"Energy Assessment For: St. Edmunds Church 1905 Morris Ave., Bronx, NY 10453",2028280037,1009644,248942
144,14.99%,723.40%,$425 ,Optimize Temperature Setpoint Schedule,"$3,075 ","$28,023 ",,0.1,-,66.9,765,-,-,-,"Energy Assessment For: New Tabernacle Baptist Church & Parsonage, 990 E. 181st Street Bronx, NY 10460",Bronx,"Energy Assessment For: New Tabernacle Baptist Church & Parsonage, 990 E. 181st Street Bronx, NY 10460",2031330021,1017774,246787
145,<1%,99.90%,$50 ,Reduce Building Envelope Infiltration Losses,$50 ,$300 ,,1,-,7,12,-,11,-,"Energy Assessment For: New Tabernacle Baptist Church & Parsonage, 990 E. 181st Street Bronx, NY 10460",Bronx,"Energy Assessment For: New Tabernacle Baptist Church & Parsonage, 990 E. 181st Street Bronx, NY 10460",2031330021,1017774,246787
146,4.74%,12.80%,"$7,600 ",Install Interior or Exterior Storm Windows over Sanctuary Stained Glass,$972 ,"$6,866 ",,7.8,-,1.9,228,-,224,-,"Energy Assessment For: New Tabernacle Baptist Church & Parsonage, 990 E. 181st Street Bronx, NY 10460",Bronx,"Energy Assessment For: New Tabernacle Baptist Church & Parsonage, 990 E. 181st Street Bronx, NY 10460",2031330021,1017774,246787
147,<1%,16.00%,$925 ,Implement Lighting Controls,$132 ,$104 ,,6.2,$100 ,1.1,-,-9,606,-,"Energy Assessment For: New Tabernacle Baptist Church & Parsonage, 990 E. 181st Street Bronx, NY 10460",Bronx,"Energy Assessment For: New Tabernacle Baptist Church & Parsonage, 990 E. 181st Street Bronx, NY 10460",2031330021,1017774,246787
148,<1%,34.20%,$120 ,Upgrade the Lighting to LED Lighting,$41 ,$370 ,,2.9,-,4.1,-,-,164,0.2,"Energy Assessment For: New Tabernacle Baptist Church & Parsonage, 990 E. 181st Street Bronx, NY 10460",Bronx,"Energy Assessment For: New Tabernacle Baptist Church & Parsonage, 990 E. 181st Street Bronx, NY 10460",2031330021,1017774,246787
149,25.73%,20.30%,"$26,000 ",Fuel Conversion Oil to Natural Gas,"$5,279 ","$19,031 ",,4.9,-,1.7,-,-,-,-,"Energy Assessment For: New Tabernacle Baptist Church & Parsonage, 990 E. 181st Street Bronx, NY 10460",Bronx,"Energy Assessment For: New Tabernacle Baptist Church & Parsonage, 990 E. 181st Street Bronx, NY 10460",2031330021,1017774,246787
150,5.43%,22.50%,"$15,026 ",Upgrade the Lighting to LED Lighting,"$1,670 ","$12,511 ",,4.4,"$7,604 ",2.7,-49,-,"7,206",1.9,"Energy Assessment For: Fordham United Methodist Church-Main Building, 2543 Marion Avenue, Bronx, NY 10458",Bronx,"Energy Assessment For: Fordham United Methodist Church-Main Building, 2543 Marion Avenue, Bronx, NY 10458",2032860071,1013944,253416
151,15.55%,-,Included in ECRO_3.,Optimize Temperature Setpoint Schedule,"$4,786 ","$44,283 ",,Immediate,-,-,"1,773",-,-,-,"Energy Assessment For: Fordham United Methodist Church-Main Building, 2543 Marion Avenue, Bronx, NY 10458",Bronx,"Energy Assessment For: Fordham United Methodist Church-Main Building, 2543 Marion Avenue, Bronx, NY 10458",2032860071,1013944,253416
152,23.38%,11.10%,"$65,000 ",Replace Boilers and Convert to Natural Gas,"$7,196 ","$42,060 ",,9,-,1.6,"6,606","-8,185",-,-,"Energy Assessment For: Fordham United Methodist Church-Main Building, 2543 Marion Avenue, Bronx, NY 10458",Bronx,"Energy Assessment For: Fordham United Methodist Church-Main Building, 2543 Marion Avenue, Bronx, NY 10458",2032860071,1013944,253416
153,0.80%,,$204 ,Install T8 Lighting,$63 ,,3.2,2.5,$46 ,,,,37,0.1,"1015 East Gun Hill Road Bronx, NY 10469, 718-231-8408",Bronx,"1015 East Gun Hill Road Bronx, NY 10469, 718-231-8408",2046930033,1023653,257932
154,0.10%,,$47 ,Install Compact Fluorescent Lighting,$6 ,,7.7,7,$4 ,,,919,,,"1015 East Gun Hill Road Bronx, NY 10469, 718-231-8408",Bronx,"1015 East Gun Hill Road Bronx, NY 10469, 718-231-8408",2046930033,1023653,257932
155,16.80%,,$120 ,Improve Temperature Control,"$1,259 ",,0.1,0.1,,,,,825,0.3,"1015 East Gun Hill Road Bronx, NY 10469, 718-231-8408",Bronx,"1015 East Gun Hill Road Bronx, NY 10469, 718-231-8408",2046930033,1023653,257932
156,1.80%,,"$1,600 ",Install Energy Star Refrigerators,$134 ,,11.9,11.9,,,,,"5,922",3.3,"1015 East Gun Hill Road Bronx, NY 10469, 718-231-8408",Bronx,"1015 East Gun Hill Road Bronx, NY 10469, 718-231-8408",2046930033,1023653,257932
157,4.80%,,"$5,445 ",Install LED Lighting,"$2,364 ",,2.3,1.6,"$1,707 ",,,,665,,"3025 Grand Concourse, Bronx, NY 10468, 718-733-3200",Bronx,"3025 Grand Concourse, Bronx, NY 10468, 718-733-3200",2033100064,1015492,257543
158,2.10%,,"$1,397 ",Install Compact Fluorescent Lighting,"$1,029 ",,1.4,0.7,$711 ,,,"7,450","16,821",,"3025 Grand Concourse, Bronx, NY 10468, 718-733-3200",Bronx,"3025 Grand Concourse, Bronx, NY 10468, 718-733-3200",2033100064,1015492,257543
159,0.20%,,$310 ,Install Lighting Controls,$81 ,,3.8,2.8,$80 ,,,"1,724","22,859",33.6,"3025 Grand Concourse, Bronx, NY 10468, 718-733-3200",Bronx,"3025 Grand Concourse, Bronx, NY 10468, 718-733-3200",2033100064,1015492,257543
160,24.70%,,,Improve Temperature Control,"$12,254 ",,Immediately.,Immediately.,,,"1,272",,,,"3025 Grand Concourse, Bronx, NY 10468, 718-733-3200",Bronx,"3025 Grand Concourse, Bronx, NY 10468, 718-733-3200",2033100064,1015492,257543
161,13.80%,,"$180,000 ",Upgrade the HVAC,"$6,810 ",,26.4,26,"$2,743 ",,31,,,,"3025 Grand Concourse, Bronx, NY 10468, 718-733-3200",Bronx,"3025 Grand Concourse, Bronx, NY 10468, 718-733-3200",2033100064,1015492,257543
162,0.90%,,$398 ,Install Compact Fluorescent Lighting,$204 ,,1.9,1.5,$91 ,,,,730,1.1,"2084 Arthur Ave, Bronx, NY 10457, 201-678-9214",Bronx,"2084 Arthur Ave, Bronx, NY 10457, 201-678-9214",2030690069,1014271,248614
163,24.50%,,$120 ,Improve Temperature Control,"$5,347 ",,0,0,,,,,544,,"2084 Arthur Ave, Bronx, NY 10457, 201-678-9214",Bronx,"2084 Arthur Ave, Bronx, NY 10457, 201-678-9214",2030690069,1014271,248614
164,0.60%,,$120 ,Install Pipe/Tank Insulation,$128 ,,0.9,0.9,,,,140,750,,"2084 Arthur Ave, Bronx, NY 10457, 201-678-9214",Bronx,"2084 Arthur Ave, Bronx, NY 10457, 201-678-9214",2030690069,1014271,248614
165,5.00%,,$933 ,Install T8 Lighting,$313 ,,3,2.1,$284 ,,,,"5,611",,"Divine Favor Assembly of God 4367 Third Avenue, Bronx, NY 10457, 347-272-6323",Bronx,"Divine Favor Assembly of God 4367 Third Avenue, Bronx, NY 10457, 347-272-6323",2030450036,1013396,249096
166,1.50%,,$480 ,Install LED Lighting,$97 ,,5,4.1,$88 ,,,,"29,330",14.2,"Divine Favor Assembly of God 4367 Third Avenue, Bronx, NY 10457, 347-272-6323",Bronx,"Divine Favor Assembly of God 4367 Third Avenue, Bronx, NY 10457, 347-272-6323",2030450036,1013396,249096
167,1.20%,,$68 ,Modify the Domestic Hot Water System,$72 ,,0.9,0.9,,,,,144,,"Divine Favor Assembly of God 4367 Third Avenue, Bronx, NY 10457, 347-272-6323",Bronx,"Divine Favor Assembly of God 4367 Third Avenue, Bronx, NY 10457, 347-272-6323",2030450036,1013396,249096
168,5.10%,,$963 ,Maintain The HVAC Equipment,$321 ,,3,3,,,,,37,0,"Divine Favor Assembly of God 4367 Third Avenue, Bronx, NY 10457, 347-272-6323",Bronx,"Divine Favor Assembly of God 4367 Third Avenue, Bronx, NY 10457, 347-272-6323",2030450036,1013396,249096
169,0.30%,,$182 ,Install LED Lighting,$43 ,,4.3,3.7,$23 ,,,,832,,"2206 Ryer Avenue, Bronx, NY 10457, 718-367-1251",Bronx,"2206 Ryer Avenue, Bronx, NY 10457, 718-367-1251",,1011946,250847
170,8.30%,,,Improve the Building Envelope,"$1,234 ",,Immediately.,Immediately.,,,,,"4,500",,"2206 Ryer Avenue, Bronx, NY 10457, 718-367-1251",Bronx,"2206 Ryer Avenue, Bronx, NY 10457, 718-367-1251",,1011946,250847
171,43.90%,,"$47,500 ",Upgrade the HVAC,"$6,528 ",,7.3,6.7,"$3,520 ",,,,"1,600",,"2206 Ryer Avenue, Bronx, NY 10457, 718-367-1251",Bronx,"2206 Ryer Avenue, Bronx, NY 10457, 718-367-1251",,1011946,250847
,17.98%,,$550 ,Optimize Temperature Setpoint Schedule,"$1,620 ","$13,267 ",0.3,0.3,,25.1,410,,"1,464",,"1384 Stratford Ave, Bronx, NY 10472",Bronx,"1384 Stratford Ave, Bronx, NY 10472",2038670036,1018505,242971
,1.36%,,$50 ,Upgrade the lighting to CFL Lighting,$122 ,$509 ,0.4,0.4,,11.2,0,,478,0.2,"1385 Stratford Ave, Bronx, NY 10472",Bronx,"1385 Stratford Ave, Bronx, NY 10472",2038670036,1018505,242971
,<1%,,$400 ,Replace Old Refrigerators with ENERGY STAR Units,$28 ,$61 ,14.1,14.1,,0.8,,,247,,"1386 Stratford Ave, Bronx, NY 10472",Bronx,"1386 Stratford Ave, Bronx, NY 10472",2038670036,1018505,242971
,1.81%,,$120 ,Insulate Steam Piping,$163 ,"$2,308 ",0.7,0.7,,20.2,46,,,,"1387 Stratford Ave, Bronx, NY 10472",Bronx,"1387 Stratford Ave, Bronx, NY 10472",2038670036,1018505,242971
,<1%,,$120 ,Insulate DHW Piping,$14 ,$86 ,8.7,8.7,,1.7,,3,,,"1388 Stratford Ave, Bronx, NY 10472",Bronx,"1388 Stratford Ave, Bronx, NY 10472",2038670036,1018505,242971
,26.23%,,"$15,000 ",Fuel Conversion Oil to Natural Gas,"$2,363 ","$5,160 ",6.3,6.3,,1.3,,,,,"1389 Stratford Ave, Bronx, NY 10472",Bronx,"1389 Stratford Ave, Bronx, NY 10472",2038670036,1018505,242971
,0.18%,,$780,Install T8 Lighting,$106,$120,7.4,7.0,$43,,,,362,0.2,"Tremont United Methodist Church, 1951 Washington Ave, Bronx, NY 10457",Bronx,"Tremont United Methodist Church, 1951 Washington Ave, Bronx, NY 10457",2030340028,1012525,248291
,0.09%,,$59,Install LED Lighting,$55,$765,1.1,0.3,$44,,,,369,0.0,"Tremont United Methodist Church, 1951 Washington Ave, Bronx, NY 10458",Bronx,"Tremont United Methodist Church, 1951 Washington Ave, Bronx, NY 10458",2030340028,1012525,248291
,1.52%,,"$2,450",Upgrade the HVAC,$889,"$5,133",2.8,2.8,,,,,"4,373",3.4,"Tremont United Methodist Church, 1951 Washington Ave, Bronx, NY 10459",Bronx,"Tremont United Methodist Church, 1951 Washington Ave, Bronx, NY 10459",2030340028,1012525,248291
,9.72%,,"$3,775",Install an Energy Management System,"$5,696","$44,813",0.7,0.7,,,,"3,132","11,266",,"Tremont United Methodist Church, 1951 Washington Ave, Bronx, NY 10460",Bronx,"Tremont United Methodist Church, 1951 Washington Ave, Bronx, NY 10460",2030340028,1012525,248291
,0.40%,,$970,Insulate DHW and Hydronic Piping in the Boiler Room,$232,"$2,489",4.2,4.2,,,,166,,,"Tremont United Methodist Church, 1951 Washington Ave, Bronx, NY 10461",Bronx,"Tremont United Methodist Church, 1951 Washington Ave, Bronx, NY 10461",2030340028,1012525,248291
